account_number_fk,service_id_fk,serial,height,length,depth,weight,signed_for_by
131,14,B9IWEA,7,9,4,2,null
135,9,51M6X4,9,2,10,36,null
337,7,F3X430,3,9,9,15,null
565,13,27ILUU,7,2,9,1,null
129,9,K24JUO,3,2,6,1,null
197,6,KZ6N9H,2,6,3,24,null
181,12,YWRZ4U,9,7,4,2,null
280,8,GZXQO2,8,7,3,1,null
432,10,UPKU4N,7,14,7,7,null
303,3,I206VY,5,7,4,12,null
232,3,JDSN4T,4,13,10,4,null
564,6,STZZU2,10,10,6,3,null
321,3,VZ8G1C,7,11,4,35,null
290,16,9LVWVQ,8,9,2,2,null
331,9,DGPYPC,6,4,4,29,null
11,13,8UATV7,4,15,8,9,null
392,10,93D429,8,2,6,1,null
286,10,XJSZ62,4,6,3,1,null
642,16,2Y8NOM,2,4,7,1,null
493,8,2YW8RG,6,12,4,2,null
564,6,IHQQ6A,3,13,8,35,null
577,8,PZLPIZ,6,4,10,25,null
316,10,IK33DA,3,7,5,1,null
636,4,KVVR8M,7,2,10,1,null
588,12,CCMAXC,2,6,9,19,null
145,12,XFORVQ,5,13,2,1,null
582,9,4TVXB1,10,15,6,8,null
254,15,53KQBQ,5,7,2,4,null
638,2,JVAEJT,4,14,2,1,null
353,16,XRR466,3,6,8,2,null
553,4,ILGPEZ,2,9,2,1,null
405,12,YIRP43,8,13,5,17,null
169,6,NVHEA4,6,6,3,1,null
322,2,NNXB0I,7,13,9,7,null
428,9,9TVYD9,7,9,4,2,null
511,16,NFVHO5,6,9,6,3,null
45,9,ACYYMV,7,15,2,2,null
288,9,ABZKA2,2,9,2,25,null
595,12,KEMQO3,9,8,6,4,null
651,2,HTIDKS,6,3,7,39,null
228,4,S3GYS7,5,6,10,4,null
591,1,V7H44G,9,12,7,3,null
622,7,A5NTCT,8,8,10,7,null
658,12,KG5MCY,3,3,5,1,null
398,9,AX8UDT,10,15,5,5,null
36,9,PTPG7M,5,15,2,2,null
467,6,ALHE1R,7,11,8,10,null
261,2,PGL8CS,9,15,9,5,null
17,10,M7SSYG,5,14,7,3,null
328,9,CPD1MG,4,4,6,1,null
406,4,FGXWN9,3,11,6,35,null
649,6,DXFU82,6,6,5,39,null
386,1,50QY5Z,10,10,4,2,null
71,5,OXL26A,9,12,2,22,null
447,7,UB0UV2,4,13,8,35,null
520,1,NFLCHB,4,14,9,4,null
169,2,6G6BDC,2,15,5,1,null
384,15,AGR3UC,6,15,6,4,null
185,4,J7BIF0,9,6,5,2,null
295,7,80WRXS,10,7,8,4,null
70,7,MVH9U9,8,9,5,4,null
278,5,YDSBB6,4,9,10,4,null
345,15,UJGBUI,2,13,2,1,null
205,15,KIAOUG,4,9,2,21,null
604,9,JKPC4B,9,2,2,1,null
423,1,7NB34Y,9,11,7,9,null
512,12,3705DT,2,14,5,1,null
633,12,U0V0YF,9,9,7,4,null
631,6,QAFZVJ,3,15,6,2,null
223,1,O2Z4FQ,7,12,10,7,null
636,5,OMTBLM,4,14,9,3,null
262,10,2EUYA1,4,7,8,36,null
57,16,B5PPTQ,2,7,6,1,null
314,6,VVXRK7,8,10,6,17,null
231,6,O36DO7,9,11,7,16,null
638,16,ISZJP2,7,12,2,34,null
337,13,7CVMH7,7,11,3,2,null
175,2,8BNDO3,8,10,2,1,null
604,5,Z2O1N1,4,13,7,3,null
279,13,QWT9OT,3,12,7,2,null
247,15,WF3H8W,4,8,5,2,null
620,12,WJ4VXH,10,11,9,3,null
192,5,IUJ8WG,3,2,2,1,null
511,4,WPW1RC,2,6,7,1,null
572,9,GEKOZP,8,13,3,40,null
360,9,ZLW7K0,5,4,6,24,null
522,1,RU1ELL,6,6,9,32,null
584,6,AQJYZA,2,8,2,1,null
444,16,3SP20O,4,3,6,1,null
284,14,INCDXG,4,13,4,2,null
54,5,52WN64,5,6,8,27,null
180,12,NQF5CS,7,9,9,4,null
351,14,NQFWO0,4,6,8,39,null
380,13,MZALFI,3,6,4,22,null
635,7,976QCL,8,6,8,3,null
640,15,UPXV8F,8,9,4,3,null
162,15,WM8XSP,10,11,6,4,null
27,5,2FBNPF,5,2,9,28,null
449,13,6MVZ0A,2,10,8,2,null
132,3,GW42C4,2,12,9,1,null
266,13,RIF2HF,8,5,8,28,null
444,11,DPY713,9,14,9,10,null
171,11,F149CU,5,5,10,23,null
251,6,RF7RR1,5,5,2,21,null
297,1,MFC8ZQ,5,12,3,11,null
133,8,B8G1V7,8,11,2,2,null
334,1,AR7YHX,4,13,2,32,null
44,8,AMT4OC,7,2,9,26,null
294,8,IMU6WT,10,2,5,1,null
244,1,SGMBVM,7,8,6,27,null
431,12,FW4E37,2,8,7,34,null
352,5,UEEDQ9,6,11,4,2,null
101,15,64EWS7,7,10,3,39,null
352,3,JO9M2Y,3,14,4,2,null
137,14,Q6WC17,6,4,9,22,null
85,14,RVMOE7,3,7,8,1,null
361,6,EQOWMB,3,8,3,1,null
551,3,FGDQQ5,8,12,7,37,null
576,11,HWG4EN,2,6,10,1,null
144,5,65MC28,2,11,9,2,null
59,10,HCD5W4,7,2,2,1,null
260,4,OHBBP7,8,5,4,1,null
558,15,RZL3GZ,9,7,7,3,null
121,6,4IYB5L,8,9,7,3,null
618,3,MFF8KJ,5,14,5,5,null
26,11,9YCA35,9,12,2,5,null
93,1,8840R1,9,14,2,3,null
509,7,RFCML9,3,12,4,1,null
181,7,8JPLVR,5,5,10,2,null
422,16,A6DDUS,8,2,6,6,null
75,11,E6CBLD,3,4,9,2,null
456,5,HBPCLQ,10,13,5,4,null
170,7,BDA6LO,10,8,7,5,null
508,6,CG5S87,8,7,7,24,null
536,15,ENBPWC,9,6,2,1,null
160,2,8FFYSK,5,6,6,2,null
424,9,6CR356,6,7,10,3,null
95,2,GJO5UT,4,13,4,2,null
480,15,8T02UI,5,4,5,1,null
128,13,HEHT28,4,6,2,1,null
357,5,3QO4NV,4,14,5,15,null
174,1,7DQKNO,3,13,5,2,null
284,14,70AU0L,4,9,9,2,null
194,4,QGB3BO,6,9,9,4,null
398,4,70AIMB,10,9,7,4,null
54,15,HFH5EL,10,2,10,2,null
208,10,CIHUG8,8,12,5,4,null
213,1,EB3VFF,3,15,3,2,null
188,16,3E4XBK,5,3,7,1,null
239,11,WDJNOU,6,7,9,2,null
490,1,49F0QM,2,3,10,24,null
460,7,BO1ZEY,4,15,3,36,null
582,3,31HYBO,6,6,5,2,null
599,15,3IS5NJ,8,14,6,3,null
203,1,ZDPW66,10,5,4,2,null
537,4,W1FCMB,2,13,7,2,null
564,3,L5H41X,10,9,9,5,null
526,7,6U5AUU,6,8,4,3,null
492,15,YV1611,10,4,4,9,null
623,15,FCJ81O,5,12,7,2,null
573,7,RYLW1Z,9,11,2,2,null
257,3,9VL59S,6,5,3,1,null
312,2,EU90ZS,5,11,8,21,null
125,1,JH5WIZ,2,4,6,40,null
476,12,GWY93K,9,2,7,1,null
645,1,1CK0QL,6,15,2,26,null
418,7,GAOJDD,4,10,8,26,null
243,6,GGEX17,2,5,2,1,null
499,13,FGZMLC,6,6,4,1,null
602,2,1PL42X,4,5,5,1,null
38,13,785N2I,2,11,8,2,null
537,3,OPIORV,2,5,9,1,null
111,4,HSQ0QE,3,3,5,1,null
14,2,YZQOV7,3,15,4,2,null
323,3,ZZU1XH,6,8,6,24,null
476,7,FC16S9,2,14,5,2,null
525,14,VHVRHG,5,4,8,20,null
39,9,YNHHXB,9,15,2,2,null
557,14,GGX7QY,3,13,3,21,null
87,2,V4OSNQ,8,7,9,3,null
459,8,I3R37S,7,6,5,2,null
652,6,9N4Z2O,6,10,6,2,null
624,13,SEG7R3,4,8,8,8,null
26,12,2AGUZY,4,6,6,30,null
558,1,U43ISM,10,3,8,1,null
505,13,FYU9TZ,4,8,4,12,null
111,9,2OT4KG,9,10,4,2,null
304,10,MSGW5G,6,3,9,2,null
324,15,PU8MT7,4,5,9,2,null
517,16,QD3ZES,7,5,9,3,null
302,9,MEWPGX,10,8,7,22,null
498,3,L2E6X8,3,15,8,4,null
189,10,WBMMCK,3,9,7,2,null
399,15,CBIAQB,3,13,7,2,null
458,8,PRZTFZ,4,5,6,2,null
497,2,ERDO8T,7,2,6,33,null
286,13,6772IJ,7,6,3,1,null
642,16,ZF970S,3,11,6,2,null
248,7,NCD797,10,4,6,2,null
657,2,NKYPCW,6,8,4,2,null
571,15,RGVLBG,4,7,5,34,null
236,9,05HM2D,10,2,6,1,null
359,14,THSX7T,9,4,2,24,null
600,8,F5HWPE,6,14,3,3,null
447,11,MIYFE7,3,12,10,37,null
472,1,HXQSDZ,3,11,7,2,null
666,1,XVJ1BR,6,10,10,34,null
33,11,Q3IHKO,10,12,7,8,null
577,10,OOP3NX,2,4,4,1,null
656,9,S7SN2O,7,12,10,7,null
6,3,OFKHSX,8,3,2,36,null
185,8,70XBEN,8,15,9,4,null
132,15,92QTHV,8,14,8,21,null
601,3,AEZZQ7,2,14,6,2,null
60,9,MH50T7,10,12,4,36,null
31,6,8F4X6D,7,13,6,3,null
418,7,R9NOC5,5,3,3,1,null
106,7,85JY56,10,9,5,5,null
403,4,TT1YX5,4,5,3,1,null
93,7,49OUBO,6,7,10,4,null
619,14,G8VB44,9,5,10,5,null
339,12,WET6IC,7,9,3,1,null
563,1,JZC83G,9,11,10,14,null
66,3,9CTNS3,6,3,10,1,null
112,14,QSUU8Z,6,8,2,27,null
162,7,RA8JAL,3,7,8,1,null
283,14,4ZV4RQ,6,11,2,23,null
259,11,8XP3OE,2,10,3,1,null
125,13,W3WHJT,6,13,9,3,null
136,4,HZ63IA,7,9,3,25,null
236,4,VBGIZX,3,2,9,1,null
289,3,PDOF0S,8,9,6,14,null
661,5,62DH0A,6,11,6,4,null
31,9,8WM211,4,3,6,1,null
354,11,CF8AJN,9,14,5,6,null
373,6,LUI8PK,6,11,8,26,null
25,6,PIOE9H,4,7,10,3,null
465,14,U5AR35,10,2,8,16,null
226,11,E4MHDJ,3,2,4,1,null
360,5,PUV564,7,10,2,2,null
288,1,UY6GZF,9,4,2,32,null
129,13,VCVTB9,4,11,7,12,null
181,10,1O7ZLH,4,12,10,2,null
277,15,L22FBP,9,13,3,2,null
592,3,D3L6FG,5,5,10,11,null
132,13,GPXYY4,2,2,6,1,null
529,8,DGZUMJ,5,11,7,38,null
609,1,PNFW78,10,3,8,24,null
182,12,WLJUVF,5,4,8,20,null
338,3,H14TIO,10,13,2,24,null
110,3,BWW29E,9,6,2,1,null
619,8,LZFOTL,9,2,7,2,null
568,14,B0S9C9,8,11,3,31,null
311,2,VCAAUZ,6,3,7,1,null
650,4,FBUN1T,5,13,4,3,null
28,3,CMXYMQ,4,10,10,7,null
566,11,AF09R7,9,2,7,2,null
469,14,54MK1O,6,15,9,5,null
251,4,SCRFOS,5,3,8,2,null
348,3,9VBDFR,10,7,7,5,null
655,16,BB9VXY,6,2,9,1,null
410,12,SZZXRZ,9,13,4,21,null
336,8,KU9FKY,10,13,9,21,null
611,15,NW1OVP,2,15,6,12,null
68,5,4H3EXU,5,7,6,2,null
456,2,6JNDHD,8,11,2,2,null
426,3,90S7NN,6,11,3,2,null
152,5,HKIPC1,2,12,5,1,null
535,3,5NQDVU,3,9,2,33,null
563,9,LYBJ9V,2,9,5,1,null
14,5,7JLW2U,3,8,9,1,null
651,11,XIVDHC,7,13,7,29,null
312,10,453S8V,6,7,7,2,null
365,6,SN7KGA,9,2,2,16,null
230,13,QZ2IOA,2,12,4,1,null
538,13,IW51O1,3,11,9,7,null
292,11,Z3O8B7,2,12,3,1,null
33,3,MWP85X,2,14,9,2,null
244,9,X2YX4B,2,3,9,1,null
101,5,S8JTUX,6,2,9,8,null
26,14,W6O146,8,9,10,11,null
247,13,67Z6L7,7,8,5,2,null
300,15,4OPW28,5,10,2,20,null
565,1,ERVA5Q,6,11,2,40,null
590,1,IRQYQW,8,5,7,2,null
44,10,LO54RX,8,6,7,3,null
97,3,7BDQ08,5,2,4,4,null
575,4,L95UXS,4,14,4,18,null
654,15,T70QJ1,2,10,10,2,null
647,1,TNKWFC,9,10,10,36,null
148,10,UJCCHB,7,6,4,22,null
90,14,OYCML6,7,7,8,31,null
457,1,LI8R5U,2,2,2,1,null
392,2,K7SR6P,7,13,8,4,null
84,9,0KW3QI,4,13,4,1,null
501,14,0BUNS4,4,7,9,2,null
298,9,9QM6GJ,2,7,7,1,null
513,14,OMRPLN,3,6,8,1,null
410,10,3VXCUW,3,10,9,23,null
147,2,B0XFEH,6,12,9,12,null
467,9,P7LCKO,5,10,10,4,null
178,1,1VTKX7,10,5,3,2,null
436,13,7CNJWI,8,14,3,2,null
222,9,U6IFPW,5,11,8,4,null
494,11,HY0XL8,9,2,6,2,null
581,10,JV83WB,10,12,2,2,null
534,16,65B2E0,4,8,10,28,null
263,7,I4LA00,10,8,2,3,null
24,6,ZLY681,8,9,4,2,null
424,11,C82AC5,2,10,2,1,null
151,15,S0FMMB,6,3,7,2,null
394,2,I7XFH8,5,14,7,3,null
328,5,3M1BFT,2,3,8,15,null
291,3,VMHAN8,2,8,7,26,null
129,10,T5J2NN,4,15,9,4,null
210,8,PMSE5M,4,8,10,3,null
80,8,SMWFHF,3,6,4,1,null
494,6,72P28O,5,4,10,7,null
529,15,3L484M,9,9,4,2,null
45,3,DWTUUX,9,14,3,20,null
229,5,1MV445,5,5,2,1,null
302,5,I7SU6T,4,7,6,10,null
486,5,AVAZDW,7,9,4,2,null
275,5,97ACTG,7,15,5,14,null
420,8,UC72SC,3,6,10,2,null
389,15,WLTU3M,2,11,2,1,null
329,2,H461WV,4,2,10,1,null
168,2,F3UDGD,7,5,7,27,null
421,6,MNGDPS,3,7,9,16,null
154,3,W8SZO7,4,4,8,1,null
492,9,YU23LP,8,7,10,39,null
334,5,S3ZOV1,8,3,6,28,null
341,13,KFW22L,3,10,5,2,null
245,12,L9U3OA,10,13,5,28,null
358,14,UNCSVX,3,8,8,7,null
90,2,N4NALO,8,5,2,1,null
445,4,32OFBT,9,15,8,10,null
222,9,FZEKBX,10,8,2,35,null
3,1,VPJFZU,10,9,4,27,null
273,3,SVZDG8,8,15,8,9,null
504,12,Y3H27Y,4,9,8,2,null
642,11,I1M919,10,7,9,6,null
322,5,R62GDF,4,5,9,1,null
471,3,LUXEXL,7,13,6,27,null
455,7,H5Z95B,9,10,8,40,null
645,13,LKUKRA,6,5,3,26,null
403,15,HJ63QF,9,15,9,8,null
375,7,GCM84C,5,11,10,6,null
26,8,19IPL0,3,4,4,1,null
659,1,2RD0P0,3,9,2,25,null
553,16,G4QZ55,3,3,10,10,null
281,6,GH9JON,3,8,9,2,null
568,15,7WWL9T,7,9,2,2,null
362,4,XLGPEB,4,8,7,2,null
310,11,1YY5YL,3,15,6,18,null
19,6,16AZAK,4,11,7,10,null
666,8,86EI71,10,3,6,34,null
660,15,16DLVX,8,5,6,25,null
376,13,KCZH95,8,9,7,5,null
431,6,TRA1R6,10,11,2,14,null
535,16,EU25SW,3,11,5,2,null
180,1,S7WVYL,3,14,9,35,null
388,8,47RP65,5,13,2,36,null
548,14,HAZESN,3,10,3,16,null
341,12,3SKJH5,7,7,5,2,null
87,2,4K0IPE,6,15,5,3,null
380,16,NEG7XA,5,8,8,25,null
26,2,6UUTKW,3,12,3,32,null
67,12,4IC7H2,3,2,4,1,null
176,14,7Q566M,9,6,8,12,null
509,5,5W7AXV,10,11,10,7,null
482,5,A8ZHWN,9,15,6,4,null
590,8,0NVGKC,6,3,3,5,null
151,6,XE0WAA,3,12,10,4,null
333,3,GIA9VI,3,11,3,1,null
60,10,IRBS53,3,14,7,2,null
152,15,OWE92K,6,3,5,8,null
450,14,437VD9,9,12,3,2,null
117,10,B60T3D,2,15,7,3,null
652,14,UVZY8G,6,7,10,36,null
10,13,0FC43M,8,11,7,4,null
45,11,A7CFQQ,10,11,7,7,null
608,5,MJXBFJ,7,10,3,2,null
253,1,T7EY2V,9,2,2,1,null
190,6,H4O2FE,4,13,9,32,null
418,8,AB1AKN,3,7,6,39,null
298,11,AWCEL6,9,11,8,19,null
8,14,1RLGG5,8,8,3,2,null
468,14,AP7829,9,13,2,2,null
620,11,BAXJJB,8,14,6,7,null
1,9,XNROFH,4,13,3,29,null
640,4,Q85QZ8,6,13,10,6,null
418,10,VXY7VJ,8,2,3,1,null
547,9,04CU96,7,2,5,1,null
107,7,159273,2,11,8,34,null
168,12,V8VDI7,8,11,8,6,null
151,9,ECNVVX,4,5,7,10,null
518,6,8S7RBM,6,8,3,37,null
540,9,CL3GA2,2,5,5,6,null
98,6,ZQK24S,8,10,5,4,null
607,1,SRQGCZ,7,2,3,1,null
586,16,D6E5SZ,2,15,7,1,null
186,8,BAFASP,7,14,8,4,null
59,5,WD7A2E,4,6,10,3,null
336,14,WSJ0G2,8,12,10,7,null
655,11,LS92LZ,10,5,5,1,null
504,15,QTM846,4,9,9,3,null
7,7,XEQ6Y2,5,13,9,28,null
577,12,MA8OQD,7,14,4,4,null
253,9,EUNMA9,4,2,5,1,null
389,13,GX5SFG,5,11,9,4,null
567,7,8I63TP,10,5,4,28,null
594,16,XPFZYI,2,4,5,1,null
23,8,PO4ITZ,8,13,3,3,null
658,14,0KAA3Y,7,15,5,3,null
473,15,TKGM1S,5,3,5,1,null
439,15,C68GI5,8,12,3,3,null
103,4,7TDXY6,9,11,2,2,null
477,8,8U6KVN,10,12,7,3,null
14,3,Z45K3O,8,11,7,4,null
74,12,1RCR1I,7,9,4,3,null
99,12,0FSBOD,3,12,10,31,null
39,13,0YANM8,6,8,10,30,null
116,2,E3XWXT,10,14,10,22,null
181,12,2XU7ZZ,4,4,5,1,null
322,7,RA13YG,10,11,3,4,null
189,2,JW9AWW,7,6,3,40,null
193,11,2W06RU,7,9,3,2,null
466,7,VV3QPL,7,6,7,37,null
496,2,BKJW7N,10,3,2,30,null
16,11,RBV417,7,8,5,3,null
599,6,8TISQW,5,8,2,32,null
551,15,0H19XU,8,13,5,25,null
129,11,0I16D1,6,12,7,4,null
180,14,Q7MNJN,5,2,4,1,null
107,12,FH4DRA,2,8,4,1,null
5,8,C11460,5,5,6,2,null
168,10,C0UGNP,9,6,5,3,null
19,9,Q56VZB,6,8,3,2,null
145,7,EWEQAR,6,12,9,39,null
561,15,P8UQ1K,4,4,8,27,null
468,12,Q5BSEP,2,15,3,1,null
319,5,QNCQ8Z,2,5,6,1,null
355,14,HDCC9F,5,15,4,29,null
169,4,A15Z1V,7,6,7,3,null
596,10,UO1DAT,5,15,3,11,null
296,13,1KL83E,10,10,10,7,null
74,4,KM80FF,9,15,4,2,null
165,13,F1R2MU,10,13,2,2,null
651,15,E8GF1T,8,9,8,6,null
85,14,BM8X41,7,14,10,7,null
650,11,O7OXBH,6,8,4,2,null
456,7,KT9LHQ,2,13,9,3,null
539,4,M0M78T,10,2,7,1,null
392,2,R7S0DD,10,9,10,5,null
241,10,NHN74P,2,5,7,1,null
528,10,7ZEIPC,9,9,4,8,null
478,12,OY3USQ,2,11,2,38,null
297,7,YWF7KJ,4,5,3,14,null
90,15,F4MD3G,2,6,4,7,null
662,3,22O9TS,10,2,3,1,null
551,11,KR032L,4,8,3,1,null
310,15,9HKGUY,3,5,7,32,null
615,8,GKL7QY,7,8,10,3,null
145,13,0F7IR4,8,12,9,5,null
454,8,CVJ429,4,14,6,26,null
195,13,FARB9Y,4,11,5,3,null
139,6,OJDX2R,3,5,2,28,null
255,3,NH2ZO0,10,11,4,3,null
205,8,TI1JLF,6,6,9,29,null
462,6,4RC4M6,6,4,2,1,null
386,16,H89AM3,7,5,8,23,null
164,16,FAMSRN,8,5,6,2,null
437,2,Q100Z1,8,9,10,38,null
62,11,JR2KCV,3,5,6,26,null
530,5,PQQGXF,6,2,10,10,null
539,15,D9MR85,6,11,8,5,null
114,9,H2P5M3,5,15,9,6,null
1,11,GA583O,4,9,4,39,null
326,8,3R2KY8,5,13,4,1,null
313,16,LEBRZU,10,11,4,5,null
237,2,HB6API,7,9,9,3,null
41,8,R2WML4,10,6,8,3,null
522,10,B0ZVL9,10,14,5,16,null
372,3,W6U68Z,7,8,9,29,null
245,5,IPUFHR,8,15,10,4,null
48,2,7303W4,6,15,7,23,null
113,11,MTZBP9,9,5,9,2,null
38,15,0MGLG1,8,9,10,7,null
81,3,RHTJD0,5,9,10,3,null
527,14,9SMK2A,4,3,3,1,null
255,5,RYX40Z,3,2,10,1,null
82,10,POKVAR,10,13,3,4,null
72,2,MBO9CK,6,2,7,33,null
387,1,EYY6NH,10,2,4,1,null
238,5,AEK1P5,2,4,9,31,null
296,15,F2ATPU,7,13,10,7,null
617,5,47365C,3,8,7,27,null
641,10,M56ZYE,7,4,10,22,null
286,2,98MNK9,10,8,8,5,null
175,11,J1Q54K,6,3,8,1,null
173,1,W39CWA,8,15,7,20,null
80,10,TGGV1F,2,3,9,1,null
603,2,338LVG,8,15,6,34,null
85,9,R219O6,2,2,8,1,null
393,15,SHJBR9,5,10,8,4,null
489,15,6YUZEJ,6,8,7,3,null
394,16,SNBP2C,3,10,4,1,null
133,5,W7VOIK,3,5,2,1,null
299,2,GL5O0L,4,14,2,1,null
152,13,D4CYI7,7,10,6,5,null
330,15,B2ELQ7,2,15,3,1,null
106,16,K8KADL,4,12,2,1,null
305,15,ZZ4MKV,7,13,5,11,null
527,14,PFGM2T,4,4,6,1,null
646,2,B07JHN,4,12,5,3,null
644,8,8BRIU0,4,8,7,5,null
92,13,0C57I8,10,4,2,1,null
459,6,T9NYLV,7,3,9,2,null
176,12,GD306W,3,2,8,1,null
540,6,0XZRJS,6,9,4,8,null
370,8,EKNIQI,4,4,8,33,null
49,15,BU4E4I,6,9,7,4,null
293,2,6BX6DW,5,7,6,1,null
525,1,DIM5A1,5,3,4,26,null
565,5,TW88I4,2,6,9,16,null
305,13,6PKSIX,5,8,2,1,null
638,12,1P80YJ,7,15,7,25,null
660,7,H5HKWE,3,6,8,1,null
27,6,4BDIYT,9,10,3,3,null
175,14,386CA0,8,14,6,5,null
17,5,FMCDYR,5,9,6,14,null
426,16,I47SLN,5,9,4,2,null
174,1,NZ2A36,10,15,2,39,null
400,2,HREML2,6,11,6,9,null
546,6,DZLH0G,2,12,4,7,null
222,13,MI7O3I,7,6,10,4,null
54,11,7F55PG,2,13,6,1,null
389,16,OFVJYN,7,7,10,35,null
263,12,POX5CY,5,12,8,30,null
518,13,74C8GY,3,4,9,1,null
554,12,M1CVDU,10,13,10,11,null
218,4,IR81YV,5,14,10,32,null
210,15,DLMOK8,3,11,5,31,null
379,10,0UDWL2,6,3,9,2,null
183,5,G3SINB,9,11,3,8,null
333,11,7RZIB2,4,3,6,1,null
291,13,03RVR3,2,3,2,1,null
256,4,SA2XN5,5,2,7,29,null
317,1,UB3471,8,8,6,4,null
658,11,GT8EMF,8,14,6,27,null
538,10,9X1VBU,9,2,8,1,null
205,1,DP2MNV,2,12,5,1,null
147,2,C51WC1,5,2,9,1,null
288,3,WN9F4I,8,14,8,33,null
581,12,A727WS,3,4,9,1,null
217,2,PHWGJP,8,5,2,9,null
386,15,APIJ4T,4,2,10,24,null
9,3,UOHAXT,4,4,10,6,null
421,13,3UXB5R,5,11,8,4,null
428,12,3V73NF,6,8,9,19,null
572,13,SW9524,10,6,5,3,null
579,15,IYGATP,8,8,6,3,null
372,1,PIECEL,2,5,8,1,null
458,12,TOS7Q3,4,10,2,1,null
339,12,7JX73G,8,9,6,2,null
237,5,3XQHXL,6,11,9,19,null
485,6,2JI149,6,9,7,4,null
455,16,IFE1I6,7,8,6,3,null
552,8,H5Q6OB,7,3,10,2,null
16,5,MIJ3GA,7,10,5,23,null
642,4,Q7WS4S,7,11,3,1,null
420,4,VIR2CI,7,5,8,3,null
174,8,H8OQAD,7,12,2,23,null
109,10,DHNLS8,9,5,4,2,null
41,16,VY27EW,5,15,3,2,null
107,9,4I8FCR,4,11,9,2,null
431,11,PCLUNA,5,5,5,2,null
396,9,GB57NE,7,6,10,4,null
649,11,RAEP3X,10,9,10,10,null
262,9,NZF8C7,2,13,4,29,null
631,15,R0QWV1,2,15,8,9,null
508,12,6H4MY3,2,6,7,1,null
130,5,FPZQSW,3,11,3,37,null
27,5,KSH2EP,4,9,10,12,null
498,3,QFGD79,7,10,9,3,null
175,3,ZPDFE9,8,8,7,5,null
230,5,M73PQA,2,14,3,16,null
357,13,UNGINY,6,7,9,3,null
143,15,DQ1QQT,6,4,8,2,null
195,3,HIK0TU,8,11,8,5,null
450,1,NJWM7H,4,5,7,2,null
494,5,6ULP4B,8,11,8,18,null
243,12,D84KF6,6,14,10,20,null
176,4,G4LDB8,9,9,8,3,null
326,14,9E43FJ,8,11,5,6,null
201,13,686KOV,8,15,6,7,null
251,5,9X9EBB,9,15,7,21,null
194,1,YXBF15,3,6,9,2,null
178,6,1BG33T,10,10,8,6,null
525,6,07YYJN,4,8,9,2,null
253,6,7Q4M62,5,15,6,3,null
425,15,LWO40P,7,14,2,2,null
255,2,43BARP,4,4,6,7,null
249,10,Y96WZQ,4,11,10,5,null
52,13,SZIVCW,2,2,7,1,null
387,7,B912CO,3,9,10,2,null
379,11,MCLYU5,9,9,10,39,null
618,12,ZW7M2G,9,11,10,9,null
585,3,J2P9BL,8,8,10,2,null
520,15,6YYTBA,10,13,5,6,null
161,14,05BCND,9,3,5,1,null
407,3,JLU1IJ,4,13,4,2,null
559,1,1GVVZ7,5,3,2,1,null
65,15,AYW6TN,7,2,5,1,null
222,6,1SSJMF,7,14,10,9,null
23,7,FTXMPH,2,13,9,6,null
537,4,MSUUIL,6,9,5,38,null
500,13,B15BL7,7,4,8,2,null
179,11,OASN5L,8,3,5,5,null
418,1,Q114AS,3,12,10,2,null
381,15,GQJRAC,9,15,3,3,null
257,7,NCCLO2,4,9,10,6,null
436,9,TOAEMW,2,10,6,1,null
448,11,UKXGQD,8,8,2,2,null
189,13,K96X3T,6,9,3,33,null
154,5,59KGFQ,3,7,9,17,null
222,5,TYOK8N,9,9,2,36,null
172,14,7TGN23,2,9,5,34,null
330,7,25AWDN,9,11,9,6,null
199,14,L210UC,2,5,5,18,null
583,8,WK33JX,5,6,10,33,null
371,14,HSU5JA,6,2,8,19,null
173,4,0CR5EY,9,9,5,4,null
471,14,292NSS,3,2,2,14,null
373,9,CW1T9U,6,6,2,1,null
301,1,N7UKNT,2,3,4,1,null
654,2,JCA0IX,7,6,6,3,null
619,5,X1WTGD,3,14,3,25,null
194,9,L72DNG,4,9,2,20,null
114,5,GDQTHL,7,4,4,23,null
26,7,XF3WEM,6,9,6,6,null
189,5,ATVKNC,7,14,7,4,null
530,15,TDWOP7,5,8,7,38,null
285,1,WYW6QM,3,12,9,10,null
644,4,MEHTHN,4,8,2,1,null
654,6,FNRVGC,7,13,6,26,null
445,16,20MYKU,6,6,6,28,null
658,5,83BX4L,2,8,2,1,null
454,16,TTDCW6,3,2,7,1,null
19,9,ZZGD9Q,4,12,3,2,null
466,16,WNLPHX,2,3,9,1,null
207,6,RBL1LS,4,5,3,1,null
416,16,7AN5Q9,7,8,4,35,null
179,3,QG1NSM,6,13,10,19,null
575,1,2O01KX,2,15,2,17,null
39,11,FNCATV,7,10,3,2,null
329,13,I1KJ77,4,10,9,4,null
465,6,FFVAGG,9,12,3,2,null
107,7,PAYJ0M,3,12,6,2,null
650,12,286R83,4,3,8,2,null
263,10,HV8EWE,7,5,6,2,null
289,6,9RZWUB,8,6,2,3,null
510,15,2CXYLX,7,11,9,19,null
59,7,P152BU,5,2,4,35,null
555,13,343TDY,3,7,10,11,null
252,13,5TUZ7K,5,8,8,27,null
402,1,4I73BW,3,3,8,1,null
79,9,7DSFEW,10,3,9,2,null
51,13,QGGSUA,3,15,10,4,null
3,3,LYHM4Y,5,8,2,1,null
452,4,NB5PL1,5,3,9,1,null
442,3,SGEF7N,8,13,6,30,null
199,14,FYPV8U,9,15,5,5,null
215,14,6AT4HZ,9,10,9,4,null
458,9,HGCT47,10,8,3,1,null
245,7,L08KEW,4,15,6,2,null
483,15,HQ0W19,8,10,5,3,null
57,5,D6PBZK,10,6,10,11,null
274,2,EPX0ZO,4,6,3,1,null
242,3,LGWBEB,10,8,8,4,null
346,10,V50HSH,2,10,8,24,null
231,4,QV57LU,5,14,5,4,null
628,15,ETW1SJ,2,11,2,32,null
27,4,EW3LE0,3,10,8,1,null
458,5,NR2A68,4,14,2,2,null
441,2,BO4V2H,10,2,6,9,null
508,15,BCRES3,6,15,8,7,null
223,11,1KBSKT,7,14,3,9,null
643,12,2JE5QF,10,5,3,1,null
223,1,RKFZFX,9,14,8,39,null
410,12,3POQMF,9,13,4,4,null
462,9,WKB20G,3,14,2,31,null
622,3,FYDOF6,6,11,2,32,null
79,4,9T6KKJ,10,15,2,3,null
5,9,01SVU2,6,6,3,10,null
139,2,M48UFC,6,2,8,35,null
232,5,X11B9Z,6,11,7,4,null
326,13,ZC8N33,9,10,5,23,null
288,6,4I0S0A,8,9,2,7,null
276,14,NZH4FN,10,5,10,4,null
80,7,12QBXR,7,10,9,8,null
498,6,RAGPBL,9,15,3,4,null
41,9,2040QP,4,13,6,31,null
478,16,T9VWV5,5,11,7,3,null
545,2,1PSPO8,8,3,10,2,null
321,4,0XBLD0,2,10,9,22,null
136,12,WZDDN7,5,7,9,21,null
592,16,OR9LJR,5,10,4,31,null
44,4,3X21HY,6,4,9,1,null
487,15,KFMBH5,2,13,6,14,null
395,16,1PUMGX,8,3,3,1,null
454,13,0TQ08E,5,15,3,21,null
51,9,53GRSO,9,10,9,4,null
13,12,29I83O,2,4,8,1,null
290,12,TQYXGW,6,6,9,40,null
204,9,20WE28,5,5,8,2,null
229,5,CB7GBA,5,15,2,2,null
438,6,HU23CE,7,7,10,32,null
101,10,E8VC2Z,5,9,3,1,null
357,13,S72Q6X,9,12,6,5,null
433,3,LZLMGN,5,5,3,1,null
455,8,919D36,7,4,7,10,null
379,8,6QC72H,10,15,8,7,null
210,10,X1VV12,7,14,10,19,null
279,16,TWZEPR,2,6,9,4,null
285,12,XYEKX5,10,15,6,6,null
390,8,ZD749W,9,10,7,3,null
69,4,LSNUIW,6,8,3,1,null
251,2,S9Q93E,3,13,5,36,null
493,13,UBGBDP,10,4,10,38,null
194,14,7JEF95,7,15,4,4,null
275,10,SIK4CR,6,3,9,2,null
342,14,AFGH0V,3,9,9,2,null
505,10,PI7OR4,7,6,4,2,null
98,4,QBDU27,7,12,2,2,null
26,14,WF61RL,4,4,6,37,null
166,14,46Z4JT,4,4,7,1,null
213,1,5FWM2B,2,8,7,10,null
252,13,EMEI9K,3,10,3,1,null
612,7,VBKCNR,3,9,6,2,null
225,10,HZ3YKC,4,14,9,4,null
378,7,11BOCD,2,8,2,1,null
420,13,AJGJXT,9,2,10,24,null
158,9,6XHWMM,4,12,8,7,null
316,1,PZCZE4,7,2,5,1,null
218,9,KXH5B2,5,4,5,1,null
24,9,0ELQGX,4,11,4,2,null
624,6,WW2N8I,3,4,2,17,null
587,13,E3IH8W,6,9,6,2,null
407,5,FKN6VA,4,6,3,1,null
386,12,KLKAXP,6,15,5,3,null
564,4,QGE9CT,6,2,3,1,null
601,12,D69N94,5,10,3,2,null
201,12,3FYYFG,10,14,6,4,null
194,6,K8160A,9,2,8,1,null
128,8,GT4QRI,4,2,3,1,null
296,13,EDZMA8,9,14,5,6,null
219,16,6GEEON,4,13,10,6,null
124,3,3SZQZ8,8,12,5,3,null
512,1,JA8KA1,3,11,10,23,null
257,15,H1Q9ZB,2,8,8,35,null
372,16,CP6VQ2,4,5,5,1,null
256,4,4067JJ,8,10,4,2,null
522,2,TVSSA3,9,7,6,37,null
482,15,EJZTEW,3,4,4,1,null
431,1,6SZ8MQ,5,3,7,1,null
472,9,AOWBRU,8,15,9,4,null
465,2,6TQPMX,3,2,7,9,null
436,9,T3S5GG,9,4,9,3,null
45,12,FG9OE3,6,2,9,2,null
554,8,AE3342,7,6,2,1,null
492,12,TSFSPO,3,14,6,18,null
105,3,WSS8LA,3,2,8,19,null
503,2,IVBBVK,5,8,10,3,null
94,13,7AXPIR,6,9,9,3,null
389,11,0UI2TF,5,3,10,2,null
357,12,Q9UF0I,7,4,9,1,null
350,1,P0XCW1,8,15,5,33,null
313,3,O14A2S,9,10,4,4,null
253,2,7H40FH,2,2,10,25,null
334,15,DY9OAZ,10,2,7,23,null
26,6,LBB6RJ,7,12,5,4,null
7,4,DIR9W6,9,9,2,2,null
45,12,ITY9QM,6,10,6,3,null
605,5,U1FIDG,7,12,5,11,null
619,16,TAF5EZ,4,8,2,1,null
596,12,N74FSS,5,4,10,1,null
351,10,5JFU7T,3,9,3,1,null
317,3,XCEX9P,3,5,5,22,null
199,16,L15GMT,10,15,7,6,null
550,13,Z9C7NR,4,2,4,1,null
578,10,S37KI1,5,15,6,3,null
319,14,YTNGPK,10,4,3,1,null
454,6,P52P92,10,10,4,4,null
421,15,0RCN0X,9,10,9,5,null
343,2,JWCTSF,2,10,2,1,null
659,6,SHDYIM,3,13,4,27,null
530,7,ZH9MSO,10,7,10,23,null
627,3,T3FECA,5,14,10,6,null
567,10,L7BJ7G,7,12,6,2,null
552,2,07L78A,4,8,6,17,null
251,14,PF6AGR,3,10,8,21,null
285,15,UVPB6F,10,3,6,21,null
163,11,NALERY,6,3,7,19,null
110,4,ZE1RMQ,2,13,3,1,null
29,2,51TOZK,4,13,2,1,null
190,14,0NCIGY,3,4,6,16,null
551,15,IHDSRB,2,6,8,1,null
83,13,CBALSQ,5,14,6,5,null
621,15,YSBRLX,9,15,3,2,null
587,4,YJNGE0,2,8,9,19,null
47,9,YOPFT8,7,11,2,10,null
61,7,9UWAMY,3,6,8,2,null
139,13,DQTAWZ,2,10,10,20,null
47,4,7TRNUU,6,9,6,29,null
487,8,19M1XF,9,2,7,11,null
16,8,5V7O0T,7,15,5,4,null
57,16,60ESA0,8,14,9,4,null
86,9,P77CTL,10,14,8,10,null
116,4,BERPP1,6,9,7,2,null
89,5,BN0UB6,7,9,9,6,null
179,6,PBYQEY,5,5,5,2,null
457,13,MMQECF,2,3,5,1,null
338,3,0VK14Y,8,11,10,6,null
324,15,6SEOF4,9,6,7,4,null
224,3,CJXLTB,8,4,2,1,null
329,11,4TL5KA,5,15,3,2,null
518,12,VF0AKR,9,3,4,1,null
309,5,43LYN6,7,11,7,4,null
275,10,0J3UB6,5,15,7,4,null
210,7,C57Z7S,7,6,4,1,null
531,12,K2F03V,6,7,2,1,null
635,6,6FSTSB,6,6,2,1,null
590,2,LUIB3I,2,11,2,15,null
29,9,94XV0W,9,15,3,3,null
665,5,CFV8SF,8,4,5,4,null
6,15,E7PUKF,4,4,3,38,null
326,5,R5M7PN,8,14,9,25,null
264,11,ZTNFVC,5,13,3,2,null
13,8,Q940WO,8,7,5,2,null
302,2,DCKTEX,5,5,5,1,null
208,11,1AGWIA,3,4,9,23,null
116,1,J98YXX,7,15,2,3,null
429,4,DUY9HT,8,8,8,3,null
523,10,V70H3E,8,4,2,1,null
375,3,UE7B2L,3,7,7,3,null
503,5,G98R6H,6,13,6,3,null
168,16,UKNGV4,2,10,2,40,null
656,16,UAAP1M,8,8,9,9,null
366,15,G08VOP,5,2,7,28,null
159,13,6LD3P5,4,5,7,1,null
465,8,ARVGV0,9,10,2,1,null
217,6,0ACJ5L,6,6,10,3,null
69,5,Q2XYEI,6,3,2,1,null
513,16,DNZ618,4,10,9,25,null
375,13,UYCRIZ,10,5,10,4,null
322,4,HIAGNS,6,10,6,2,null
155,1,7GXV9G,2,13,5,2,null
44,1,8W9NAF,4,2,3,34,null
89,9,2U5F1I,4,8,10,2,null
145,11,3LPAYD,8,14,7,5,null
443,15,ELGHYX,3,3,9,1,null
38,7,FHUIKM,6,10,2,1,null
96,3,AJW609,2,4,9,1,null
357,14,0FW1VL,2,10,8,2,null
188,1,2KSM3F,8,14,7,8,null
531,1,B37PKL,4,11,6,30,null
529,12,X5GTHE,2,9,4,37,null
171,8,67INDD,4,12,8,32,null
57,6,OTTUZ3,6,8,3,2,null
4,10,PDJ8PX,9,14,3,3,null
326,4,PIQF5B,5,3,2,1,null
321,11,6UPU90,7,14,8,22,null
269,4,6DWNBQ,9,2,9,1,null
462,3,MJ2SZ0,5,13,9,3,null
486,6,7YQ51J,7,13,8,25,null
124,14,WM2N9R,4,2,7,1,null
97,4,WVPI37,3,11,2,30,null
628,10,HWKCWA,5,10,6,4,null
509,5,QNS6T3,4,6,5,1,null
320,4,KWOWNN,10,9,3,2,null
39,2,4QWFBX,6,9,4,2,null
207,9,6EAHTJ,4,6,7,1,null
502,3,M0IS3R,4,10,8,9,null
271,10,M46MJD,10,13,9,7,null
153,2,5VXHC7,6,2,4,1,null
638,3,MLZ4RM,9,14,2,3,null
356,2,36YDMP,2,14,9,7,null
436,3,A5WDT9,3,3,9,9,null
364,13,7TRNJK,6,3,6,15,null
28,11,YN22K6,7,7,2,1,null
214,13,9LGBOA,9,9,2,18,null
343,14,HTCBUW,10,8,6,28,null
182,6,AQZQF2,10,13,7,4,null
521,3,6FN8H1,10,7,2,37,null
518,12,H0U42N,8,4,4,1,null
244,10,9J4P8M,2,3,10,23,null
281,14,HF4528,7,5,4,2,null
179,12,7KNENC,10,4,7,3,null
616,13,KAUQDS,5,8,5,2,null
253,14,59OZZW,4,14,4,12,null
555,14,235743,5,12,2,28,null
117,4,U1ZKMJ,9,4,7,3,null
87,2,5CGQRE,10,10,3,3,null
523,11,AXJSQK,9,7,3,7,null
572,8,KQYPZB,5,9,2,1,null
9,16,0DVFQ3,5,2,10,1,null
227,6,6YSPFT,5,9,10,4,null
37,11,AWHVN3,4,2,8,8,null
249,7,VJN7XO,10,14,3,5,null
546,12,U7N7VU,4,9,9,35,null
470,7,KCJ2J6,9,8,5,36,null
452,16,R5NMYB,8,7,4,2,null
402,1,18XSOH,6,5,10,2,null
13,15,NYTTJU,5,3,7,39,null
626,11,7PVPV5,8,3,3,1,null
444,4,Z1JC5U,10,2,8,1,null
532,14,DV2KAX,7,11,6,17,null
470,9,NEWEM1,5,2,7,1,null
335,9,RBI0EY,6,9,2,16,null
537,7,SNAJ65,5,4,6,33,null
541,13,GKYJ9F,5,14,2,2,null
87,15,G3W9H3,7,7,2,13,null
310,7,OOHPMY,2,2,8,1,null
418,13,DO212Q,4,7,5,5,null
223,5,OOLF40,3,9,7,1,null
420,1,3440CO,10,14,6,12,null
389,1,RH1C3V,5,4,4,13,null
618,12,RGUPLV,4,11,8,2,null
31,3,5TY03M,7,13,7,38,null
454,4,7W86MR,7,9,2,1,null
530,1,REU186,3,12,7,3,null
480,5,BTY7Q8,10,2,2,17,null
459,1,ASKNID,8,9,5,3,null
631,4,LLPIX1,6,2,5,14,null
31,14,ATJNM4,2,15,5,2,null
358,7,D5T1W4,9,6,10,5,null
551,7,ZFJBIX,5,10,10,3,null
635,6,5DXLQ7,4,2,5,1,null
665,4,DSN76Z,10,5,4,2,null
368,5,AO6FJO,2,10,3,11,null
462,5,UN527I,8,11,4,38,null
520,6,BTW2UU,4,11,4,1,null
43,14,Z1NV4N,3,14,6,2,null
429,4,9TOQOJ,4,13,4,19,null
221,16,GHX3LK,6,6,4,19,null
625,11,TDAUF9,3,14,9,2,null
20,9,OLX32H,8,7,10,3,null
119,11,PE8S7Z,9,14,2,2,null
55,13,Q6PGTA,4,14,4,2,null
246,8,ZTEZCQ,6,6,9,5,null
46,13,93PFHY,5,2,7,25,null
446,2,1D8IPM,4,7,2,1,null
220,7,N8Z850,4,6,3,1,null
620,9,B46127,6,8,2,10,null
580,2,07AZD5,6,10,9,5,null
289,1,PIOT4A,5,12,10,40,null
161,10,AKQ85A,9,8,5,12,null
69,3,F5HACM,10,4,2,4,null
137,13,TGXON9,3,6,2,8,null
265,15,SIXUUL,8,15,9,4,null
369,6,OCOSLB,4,10,9,17,null
59,11,FSL54E,4,9,7,3,null
153,15,TTXB1Q,5,9,3,6,null
16,2,B0RZC1,7,9,10,4,null
554,6,DSYV6K,4,12,3,35,null
457,12,VEOX0H,9,6,2,13,null
599,13,8WVHCF,4,8,2,1,null
663,2,GOXS9W,3,14,2,1,null
311,14,UQOH7G,9,6,8,4,null
365,13,ZK0EUP,6,6,8,3,null
74,5,11FZVD,8,2,4,1,null
253,7,KV1ZP6,9,12,2,1,null
207,5,06OVDR,7,10,7,4,null
650,13,211JRH,6,13,4,24,null
327,5,XTX02J,8,8,4,37,null
624,16,QMFJWR,2,14,4,26,null
378,7,GAVD7P,9,10,5,31,null
584,7,TTLWBA,7,4,10,3,null
366,6,Y6C6AH,5,2,8,1,null
243,11,F7UEXV,6,8,10,3,null
212,6,OJNN2L,10,4,5,2,null
415,3,DV2UFT,7,13,2,2,null
571,15,UGXFRZ,5,3,3,1,null
425,12,QMRSPV,9,5,2,10,null
318,6,QCWBWK,2,4,4,1,null
103,9,PYMFD0,3,11,5,2,null
384,7,9GWR16,4,9,3,12,null
316,13,391NW9,3,4,4,1,null
94,1,DYV8P1,3,3,2,1,null
418,4,F4PMOF,8,11,10,22,null
297,5,LQFQ8M,3,8,8,14,null
179,7,ZEXYQF,3,4,2,32,null
459,15,F3RGH1,9,10,7,24,null
606,8,H6GKJS,2,11,6,2,null
414,7,P382P5,2,8,7,31,null
607,13,S8XWKF,2,9,5,1,null
41,9,2A7B78,6,13,9,7,null
447,6,VSEDYC,7,15,7,3,null
351,15,OID9IW,5,13,4,5,null
251,12,LGJO56,7,15,8,6,null
127,15,JKO8F7,5,5,2,1,null
576,7,9U2KZJ,2,8,2,15,null
113,1,OZ6F7I,8,12,7,4,null
517,15,OMFU76,7,6,9,4,null
625,11,6I0Q2M,8,5,9,2,null
303,2,K8SDA3,3,4,9,22,null
383,1,4M95LW,4,11,6,3,null
428,4,38TODQ,8,7,6,23,null
263,16,BIBM60,2,8,4,1,null
126,7,N5856F,2,8,8,1,null
107,12,COKP20,3,11,2,1,null
523,1,519WTW,9,3,5,5,null
82,13,8CLKTA,9,14,5,4,null
482,7,QH32E9,5,7,8,3,null
200,12,ZWLY4H,6,4,10,2,null
412,16,4LNP95,4,10,3,2,null
583,10,F5NOVO,6,5,5,23,null
509,5,3Z436L,7,8,8,2,null
199,14,NVL12H,9,8,7,3,null
527,13,W4OVUP,3,14,8,2,null
504,2,CAHCQW,2,6,9,14,null
275,16,9RWMWJ,7,13,5,2,null
486,7,8FBLOL,8,5,6,22,null
151,12,XHI729,8,15,6,6,null
640,16,QS0IC1,5,8,3,3,null
576,13,VHK17N,3,11,2,34,null
13,8,MQ6KJ8,6,3,4,19,null
354,2,685DEV,2,8,5,14,null
286,5,8ROSQ4,9,14,5,25,null
475,3,3TL450,8,13,8,4,null
411,10,Y8ETUA,7,10,5,4,null
394,9,BUOFOO,8,6,4,2,null
55,8,1GGNR0,8,4,3,31,null
666,4,SQQQ3P,7,10,7,18,null
453,4,THZV8T,4,11,4,2,null
324,3,K02KZC,2,6,5,1,null
99,1,PMA98D,4,5,6,1,null
554,15,N0KZ4I,5,11,7,40,null
305,10,5QZXJH,6,4,7,1,null
532,15,HE29HM,6,12,7,9,null
60,16,MADORI,6,9,3,32,null
335,10,OJZVTY,10,7,10,7,null
357,7,R2M68P,3,5,3,1,null
178,2,97V1RO,5,5,9,33,null
448,15,DIL55Z,7,6,8,36,null
359,12,3JV4GV,4,7,2,1,null
655,8,4R7Z3O,2,10,6,1,null
88,14,07RUS5,9,2,8,11,null
57,11,GNL9GU,4,9,4,1,null
399,9,PJX240,2,14,7,39,null
109,8,XDQXFN,10,7,6,4,null
372,13,U71PF6,5,4,9,2,null
575,10,93YXHS,5,6,10,2,null
134,3,IESA4V,3,12,10,34,null
327,12,2QKAI2,7,4,4,1,null
382,1,DF0SIJ,2,3,10,18,null
39,13,2ANP94,10,6,3,22,null
179,3,BIK4ZB,4,14,4,2,null
125,13,KYRDCZ,7,13,9,7,null
30,10,UBMS9Q,6,14,2,2,null
544,7,XGV4SC,6,9,6,2,null
9,5,C12BAB,10,14,8,13,null
4,1,HF62C3,5,5,4,1,null
321,9,X1769M,5,7,2,1,null
34,6,FH8N78,9,8,4,2,null
162,2,1P2QSN,6,9,6,17,null
51,4,1SM1VP,10,6,3,2,null
88,11,APL0IO,5,10,8,3,null
557,5,5CMDFO,3,14,7,31,null
278,2,GK1LOC,8,4,5,2,null
155,2,0GIWT6,4,15,3,2,null
9,6,J6UDDA,3,13,7,9,null
263,3,A5B1QJ,4,13,9,3,null
28,6,91CWO5,4,15,3,2,null
18,9,8JR127,3,4,5,11,null
354,14,K2RH68,7,15,8,14,null
183,14,91R1Y2,7,5,4,1,null
415,14,Y0HIA9,5,3,2,1,null
546,8,OVLPA0,3,14,2,1,null
648,6,ULXWBN,10,4,5,5,null
50,15,F5U6UW,3,5,5,1,null
7,15,XYQT32,2,10,3,1,null
458,11,1EY3P9,2,12,5,2,null
620,2,UF5KDC,4,10,3,2,null
291,5,IWEEOT,8,14,5,34,null
387,4,3DD009,6,13,5,13,null
403,12,2QB6QM,9,13,3,4,null
388,7,XSKBUG,2,9,5,1,null
141,3,5YXMSQ,3,5,4,1,null
422,4,NAGD9Q,9,7,5,3,null
28,8,T2OH2N,2,3,10,1,null
83,5,LS4A93,6,6,9,2,null
308,4,104GZV,3,15,10,38,null
282,15,J422LV,9,15,4,4,null
133,5,IVMKB1,4,3,7,1,null
609,11,9F7QT4,9,3,6,15,null
218,12,DX6CFK,3,5,5,1,null
179,11,RD89JK,7,6,2,29,null
295,7,A4DPQ0,10,4,2,28,null
149,13,1Z5ZWF,2,13,2,1,null
333,9,AQ6XRV,6,12,7,16,null
348,8,H2N015,7,11,5,4,null
134,7,5S3BFU,6,11,3,2,null
209,4,IQFX9Y,2,2,7,1,null
120,2,R6DJDH,7,4,4,4,null
600,3,EUPIOH,6,2,8,2,null
548,1,2L03JH,8,7,5,2,null
92,11,AHGNK2,5,11,5,3,null
450,10,N98FJM,9,14,9,9,null
432,4,KD0HM6,7,10,2,2,null
437,4,WFH076,8,7,5,2,null
342,3,A9OL5Z,9,5,5,2,null
424,2,5KSLRX,6,13,3,2,null
222,2,ZGQWCC,2,5,3,1,null
287,3,8544PF,3,7,8,34,null
471,4,Y5H3CK,10,13,6,2,null
149,9,IVTTA0,6,9,7,29,null
189,13,2XNU6E,7,5,7,2,null
664,3,GTV1DX,4,9,5,2,null
395,9,F8BY9Y,7,9,3,22,null
214,12,SSDWMM,5,11,3,2,null
429,7,2KD1G1,5,8,8,3,null
376,4,2RLLMA,8,13,2,1,null
16,10,51W3KC,8,7,4,12,null
113,12,YG4AAO,10,8,5,3,null
442,6,SVPTY7,3,2,2,1,null
47,1,P5OFUS,4,10,3,39,null
381,9,9OFT81,2,10,8,1,null
230,5,Y3RY98,3,6,3,1,null
225,2,TADVGL,2,6,8,1,null
262,9,RK5E8X,10,2,10,2,null
620,12,60TB6I,4,9,10,2,null
241,8,011WYV,10,7,10,7,null
45,5,A28PI0,7,6,6,5,null
159,1,CTJC7D,7,4,6,2,null
228,7,A53NDN,3,4,10,17,null
22,5,I0N4BT,6,14,9,23,null
33,16,9F7ZUL,8,4,3,1,null
550,5,G0U6V7,2,7,2,5,null
492,12,XA5DS7,2,13,9,36,null
562,13,N1DTJE,2,7,4,1,null
655,3,PHJJD6,7,3,4,27,null
171,1,12388W,2,8,7,8,null
233,8,F7ZIJ4,4,4,7,1,null
284,2,W1JU4H,6,12,4,6,null
582,1,GSI6IH,6,5,6,1,null
398,3,9EVRZO,8,9,9,4,null
476,2,Z7OTGN,6,2,9,1,null
335,2,JOLCSM,9,10,2,2,null
348,14,EVN5PZ,10,9,10,29,null
205,6,L0PYWF,3,9,7,28,null
655,2,OMLZ2C,4,14,9,5,null
592,9,USHHFQ,4,11,6,2,null
3,16,KFAFFG,6,9,2,1,null
543,6,UWO3QK,6,9,5,3,null
468,9,W7TQZW,2,12,5,31,null
158,16,2MZHSU,9,10,8,7,null
183,9,VAXY7Z,4,6,6,1,null
209,9,ODVFIT,8,10,9,4,null
70,10,NJ3G87,10,9,10,22,null
515,15,N45PYI,4,6,4,1,null
154,15,W752FH,9,13,2,9,null
585,3,PCF5MD,8,2,3,21,null
2,6,PJO6UJ,9,13,4,3,null
173,12,G0R982,10,5,3,2,null
56,14,ZTSRYK,10,8,4,10,null
112,11,PPQ5BP,7,3,7,17,null
143,7,RN42S2,9,10,10,7,null
577,8,PFBIMF,5,5,2,1,null
643,11,8V8IEG,8,10,8,4,null
651,2,NLIJ9Z,10,2,3,1,null
388,15,C6QF7U,5,7,7,2,null
18,12,U256MT,8,13,2,32,null
250,4,M8MNR6,5,11,8,5,null
582,2,2RD0T0,4,3,2,1,null
596,9,F2CJVV,4,15,10,32,null
468,10,L128PQ,10,3,8,32,null
153,12,NJUDAX,7,8,8,17,null
453,4,KFZ4RA,9,15,9,5,null
655,3,AM325Q,4,14,9,22,null
345,13,EGATI6,9,3,5,7,null
625,3,E67UFF,3,14,8,2,null
288,14,FT68CL,7,8,8,38,null
635,1,ZPVWUU,5,9,4,2,null
193,2,YTCTH8,9,15,5,35,null
393,13,4RK167,7,3,6,1,null
665,1,LXX5HH,8,11,8,12,null
200,5,4GHX6Q,4,7,6,1,null
502,16,O297XC,6,12,4,2,null
203,4,RRV60B,4,14,7,3,null
373,14,OQA291,3,12,4,2,null
155,9,D0WRKY,4,5,8,2,null
366,7,PCSNPL,4,11,9,3,null
417,8,VGRSFN,10,4,10,3,null
457,5,94G7UL,3,7,7,32,null
194,4,IXO28X,8,4,3,1,null
259,2,Q7T32O,5,8,2,1,null
33,11,GHQU3U,7,2,2,1,null
80,13,IU56OX,7,15,6,20,null
313,9,RHWMMJ,8,12,10,6,null
446,12,BX0UWB,2,3,2,1,null
636,12,9CFB7L,4,2,2,1,null
412,15,JGUB0P,8,10,4,3,null
129,8,TY8D05,9,9,7,4,null
19,6,ZK5FFE,4,14,4,2,null
605,14,867PEW,2,7,10,13,null
104,2,VMAAC9,2,3,9,1,null
400,7,KFSSHS,6,8,3,7,null
222,7,NW4Q5A,7,6,9,4,null
616,12,Y74E1N,10,7,4,2,null
168,13,HRKGIQ,6,14,8,20,null
346,7,NGCNTX,6,7,3,1,null
269,13,X4YHGQ,6,13,8,4,null
459,1,8WD6PD,4,12,6,7,null
172,9,7NTLVU,7,12,9,6,null
136,16,EFOEH6,2,12,3,22,null
398,10,Y2V3G1,9,11,6,13,null
647,15,LY8QYE,6,11,6,3,null
356,9,C4V452,7,8,8,3,null
269,5,L8H851,4,12,4,2,null
288,3,N5QYVL,7,11,9,27,null
497,4,0FFJU8,7,9,9,4,null
175,12,K2M7KC,10,12,9,11,null
397,12,GOWXW4,6,9,7,2,null
114,1,DRZJAH,5,10,9,5,null
257,14,SMT2SO,7,13,7,24,null
102,11,K3LPHU,6,6,4,27,null
414,3,4M6EHC,10,4,2,1,null
400,5,VO4FLZ,4,12,7,12,null
496,5,3HS071,6,10,4,2,null
423,6,TEXZLZ,3,9,9,27,null
86,6,AEQLFB,3,2,7,1,null
429,8,6IFD11,5,9,7,2,null
555,9,9K8EVK,3,6,4,14,null
475,11,PNM00H,9,7,9,9,null
487,1,NOMFZD,9,13,10,12,null
202,4,596H7W,3,12,5,1,null
233,11,9NSWKO,8,6,4,2,null
227,14,8FSR4B,9,14,10,12,null
286,6,YRV4E0,7,5,9,2,null
371,5,TUULX2,2,14,5,1,null
68,6,BZRQSH,8,10,7,4,null
603,10,HIWTQZ,10,8,8,27,null
237,4,F1TSGN,4,14,6,2,null
398,5,T4PY4Z,2,11,7,2,null
266,16,JRI6H4,10,3,5,23,null
152,1,4WXKLE,5,15,7,4,null
184,8,P4LJ5C,2,11,9,2,null
629,9,ZK3H4A,5,10,2,1,null
262,2,PGBE66,7,8,7,3,null
275,3,A3Z8A0,4,7,5,2,null
35,13,7ENKDO,4,5,5,1,null
633,5,SXTRMH,8,13,5,5,null
489,13,QD203Z,2,4,8,1,null
223,11,LHVQ0Q,7,8,8,5,null
28,14,BF8VCT,4,9,3,32,null
660,1,9B0XDR,7,14,3,2,null
107,2,QACN01,7,11,10,7,null
373,7,TO5HVM,4,14,9,12,null
312,9,GV0XEK,8,10,6,2,null
44,15,FXV38F,7,15,5,5,null
602,13,SQ5N7M,3,7,6,1,null
291,16,41GF19,8,5,5,7,null
542,16,3MGP3Z,9,5,10,2,null
516,15,UPYDDG,4,5,8,29,null
394,6,3G8HQE,9,9,5,14,null
318,15,9SSVU7,6,2,4,1,null
31,3,7CWSX5,6,13,10,7,null
499,16,QSDE3V,6,9,5,2,null
635,12,CAIRKI,5,10,4,1,null
578,1,RFYKCK,9,13,10,2,null
572,8,75YJ9Y,2,12,3,12,null
156,1,VHXXII,6,11,7,4,null
555,3,YOU5ET,7,6,6,9,null
114,7,IL12NJ,9,14,8,2,null
265,13,I8CRTY,4,5,5,28,null
100,11,LJOLGE,7,6,6,2,null
280,6,FXU1JJ,4,15,5,2,null
464,16,75HZHR,7,8,2,1,null
212,12,ACREFK,9,12,5,4,null
370,11,O2VF44,2,2,8,1,null
637,1,Q6TINU,6,15,7,4,null
42,4,MS4TRO,5,12,8,26,null
110,2,VRX3WY,5,15,5,34,null
358,16,LYV3J5,3,12,5,1,null
364,1,UE1EM8,5,11,3,31,null
118,9,SGOVWX,8,13,6,30,null
538,13,CQEV7O,4,15,4,34,null
654,1,7OOKZ0,10,10,5,3,null
5,1,7WAB2S,4,3,6,36,null
472,13,B850IS,8,7,7,22,null
246,6,04LZHW,5,4,9,1,null
249,15,06FJ0P,6,10,7,10,null
402,1,JFTXYG,7,12,4,4,null
366,1,41NKQ3,3,15,3,28,null
130,11,I6N9FB,8,8,6,38,null
525,1,FUQT2X,4,10,7,2,null
616,16,GTPQSR,7,14,4,2,null
205,11,CW4387,6,5,9,40,null
185,9,2Y6SLV,9,15,2,31,null
124,8,8X1TEO,10,14,2,2,null
654,6,MBNSY0,6,4,3,19,null
447,15,JESOEW,9,15,9,6,null
122,16,Z2270H,4,5,2,29,null
519,2,ES41BZ,8,7,3,2,null
570,10,T055B6,9,6,3,1,null
254,15,5PR2NM,10,14,8,23,null
459,14,N84UH6,9,5,3,37,null
311,9,IY13Q1,2,11,10,1,null
316,11,FZD382,2,6,6,1,null
235,12,ZXFQ7B,8,9,10,5,null
267,16,MKJCXC,9,12,5,5,null
163,12,O5JSLH,5,10,9,14,null
515,13,8J2T8L,7,6,7,37,null
394,2,2ZPOR3,7,10,3,6,null
206,5,VRIX7H,5,8,7,3,null
31,11,C2CGKL,9,5,5,2,null
570,15,O7BZHN,10,10,10,4,null
37,13,OS3214,8,12,6,9,null
650,4,PS0RGX,4,4,2,2,null
383,4,YK3TA4,6,15,6,21,null
543,3,10OPHY,10,5,3,5,null
470,2,LFZVMU,5,12,2,39,null
563,16,GBJS45,3,12,8,3,null
636,12,2GM5MP,3,3,2,1,null
530,7,SJQOYA,10,8,5,2,null
615,5,QBBYZB,8,4,9,3,null
123,9,YR6LNJ,6,7,3,27,null
26,10,NXIFHW,9,8,9,4,null
495,6,R334T1,10,4,7,17,null
244,11,QX13YO,7,9,5,31,null
492,2,UVXL8X,3,12,5,9,null
334,16,NJOIA9,5,14,9,6,null
581,1,DE1RHY,4,7,5,38,null
614,15,E5BV2C,6,9,9,3,null
322,15,ACIDX8,2,9,7,15,null
47,2,P3M1C9,9,4,2,3,null
67,11,L6BRKC,4,10,10,34,null
274,6,KCSP36,10,9,4,2,null
409,9,L6AM9F,4,15,10,32,null
319,10,NM7VX8,7,5,7,26,null
175,6,0NLI8X,7,8,10,6,null
464,3,VRNSSX,10,13,6,28,null
81,5,7K5C7Z,8,3,5,2,null
104,1,FU3YEG,4,5,4,1,null
94,2,1QRDJ9,10,7,7,3,null
422,7,A6WEZM,2,6,8,1,null
44,14,3QLL68,5,13,3,30,null
296,2,HL0NZA,7,2,5,32,null
654,16,0IQKCZ,7,14,3,6,null
18,6,MG933B,3,7,3,1,null
438,2,MPEZJO,6,15,8,7,null
464,6,98FGAW,7,9,8,24,null
561,11,7GJUMV,4,7,5,1,null
2,8,ETU203,7,10,7,30,null
267,2,D4C5WX,8,7,3,26,null
565,1,0QK9YS,7,5,2,35,null
440,16,5T10JX,8,13,5,3,null
142,2,AL7Z8C,7,12,9,20,null
458,16,PG1U7X,7,4,3,15,null
44,1,FAWI2X,9,5,2,25,null
88,6,4DLNZ5,8,13,8,7,null
627,15,FI6G7H,7,11,6,29,null
379,7,A0VB0D,9,15,5,3,null
485,16,5UT7PI,3,8,9,29,null
367,12,08FHH0,5,4,2,1,null
533,6,FWJ9XQ,6,14,4,23,null
159,15,6HYC4A,10,8,7,6,null
172,8,CG7BJ0,4,13,9,5,null
238,4,UQQU2A,6,2,2,1,null
428,1,D50N4N,8,10,4,3,null
183,14,BOQ3WK,9,8,5,2,null
222,15,DAS5CJ,7,3,5,2,null
253,3,R7DFTC,9,14,6,39,null
599,6,VX3CYH,10,10,8,8,null
484,10,MK8I1G,2,10,5,20,null
123,11,6ZSSTA,2,2,6,1,null
617,7,IPRU9B,4,5,8,2,null
385,6,BVJTLP,8,9,9,6,null
593,5,CDHGUE,8,5,7,2,null
261,5,R27H58,3,15,7,3,null
86,1,0GOLHN,4,5,5,27,null
237,9,2N2JR0,6,8,7,3,null
632,7,CMCVGX,7,5,7,35,null
202,3,ELNDWV,3,6,5,22,null
124,5,GKUH84,10,9,7,7,null
309,9,KC0IS0,6,7,7,3,null
495,7,0K45AS,9,10,7,38,null
60,14,IFQAY7,4,6,10,2,null
169,9,X299PB,10,9,7,6,null
491,2,MY7E70,5,10,5,1,null
554,8,8DCYD7,5,5,10,14,null
371,12,HZQK3M,3,9,7,1,null
230,3,X3K9UA,3,14,9,4,null
615,13,0INBI7,8,12,3,3,null
251,6,AWKDOR,4,2,7,1,null
111,3,ELEYR6,6,4,2,10,null
626,4,O33BHW,9,13,10,15,null
297,12,MM1YVW,3,12,8,3,null
633,14,04OND8,6,14,3,2,null
266,13,Q2Y1Q8,4,8,8,31,null
301,4,ETC55B,5,4,9,1,null
521,9,JZP5DB,3,9,5,9,null
251,9,HDE660,10,15,2,12,null
127,11,RZHFX4,8,11,2,31,null
501,6,G1XBR6,5,9,8,20,null
212,12,Y3DE2E,3,8,10,23,null
111,7,TMC85J,2,5,4,1,null
409,12,IRXOTH,4,13,6,2,null
662,2,5H3B0O,10,12,7,34,null
7,12,OG6EFV,6,12,8,34,null
153,1,3D7R4Z,7,12,10,12,null
26,5,O4Y32C,5,2,6,1,null
249,6,1ZVHUV,4,2,4,1,null
139,13,3TREAK,2,4,8,1,null
359,8,QI1CQ8,4,5,2,40,null
126,2,2LI2PK,5,6,5,4,null
629,9,BQ56VY,3,12,2,1,null
291,16,HCXOTZ,5,9,2,27,null
592,10,LVT6JF,7,7,9,4,null
33,1,87WNCO,7,6,5,2,null
89,11,MG706L,9,9,2,2,null
314,11,RPE3LM,4,8,8,2,null
63,15,9HWUDK,10,5,5,17,null
560,16,JAG32J,2,14,9,5,null
29,7,IEN9HB,3,14,6,2,null
379,9,LFQHI7,8,5,5,18,null
96,11,67X2Q6,7,8,7,38,null
30,11,SN2V7U,2,10,3,1,null
37,4,AULSB5,6,6,4,16,null
590,1,VV6B6B,7,14,7,11,null
207,9,VKWCKZ,4,12,2,28,null
421,7,XA71ND,9,5,10,3,null
387,2,UO3NWA,3,3,4,1,null
564,1,3T163F,6,13,8,7,null
462,13,S7DUAS,4,8,7,39,null
99,16,QX5W67,4,8,7,11,null
329,5,MVTHWB,6,11,8,3,null
579,15,I7YI1G,5,12,6,3,null
397,16,9NYFYY,6,15,8,32,null
459,15,K6ELRY,4,5,5,1,null
107,4,VZMQ5V,5,10,10,38,null
558,6,VWBC76,3,11,8,26,null
33,14,MCEVES,5,3,5,8,null
613,5,GZ2FKH,7,10,9,37,null
86,5,XJCE1E,6,2,4,1,null
640,3,ST1VOD,8,4,3,18,null
284,11,L8G4DJ,3,9,7,11,null
402,3,BI3JJM,2,7,2,1,null
214,11,HUQET4,5,3,4,12,null
74,11,6JRC1E,7,8,6,22,null
18,11,54F8Y6,2,12,4,2,null
359,9,B1VMYY,2,4,2,1,null
570,7,S2C3XG,4,7,7,16,null
127,8,OMP0NG,4,9,2,1,null
239,9,9TBMGT,7,14,9,5,null
454,2,ZF4J2I,10,9,4,4,null
617,16,8EB916,2,11,4,25,null
665,7,3MBYHG,7,3,3,1,null
97,13,CCRUOI,8,13,2,2,null
616,5,FPPM22,7,11,3,3,null
1,12,OJ2BM0,2,11,2,1,null
402,16,BV57Z0,4,15,9,3,null
492,16,F4C2ON,4,2,3,22,null
211,12,WAA0YM,10,11,3,26,null
240,9,2S584J,6,5,10,3,null
603,6,1UXNZ7,10,4,7,2,null
31,6,NTXCKQ,2,6,9,1,null
10,11,AK5RDG,2,7,2,1,null
478,1,II8E44,4,13,4,2,null
428,1,KSDXAC,4,12,9,4,null
388,15,NZU2TM,6,3,5,1,null
570,6,ER8G1M,5,12,2,1,null
291,13,8FVL6C,6,11,5,3,null
344,9,3FIPFY,2,14,10,2,null
608,6,1RHDQS,10,10,4,2,null
414,13,OMDNBO,10,7,6,4,null
272,14,UUDHEZ,5,13,6,3,null
179,4,9QYN6B,5,9,8,3,null
628,4,VW0VC6,5,12,5,3,null
568,14,YFCKHI,9,7,7,5,null
9,14,KEAXTC,2,14,4,37,null
535,11,97FRH0,3,10,5,19,null
45,4,K6F92P,6,6,4,2,null
424,3,4PDSH8,8,4,9,18,null
498,3,T29OWR,3,11,3,1,null
589,11,D8NSVV,4,10,6,2,null
566,16,V77PJO,3,14,6,11,null
234,8,RVGL0F,5,8,9,24,null
84,14,FNO8NA,3,11,10,8,null
547,2,57RYBV,5,11,2,22,null
633,14,IBM0G6,5,12,9,4,null
483,3,A62M96,4,5,3,1,null
454,12,Q06PTH,4,10,9,26,null
20,13,LKJJ3R,2,14,7,2,null
359,7,44FQ3J,9,8,4,2,null
146,5,8ZD2FU,6,13,5,4,null
307,9,QNZ3CG,10,6,2,1,null
16,15,D3T1SY,9,14,6,5,null
423,8,QN2ZKZ,5,14,4,1,null
504,10,S9ELFA,3,6,8,24,null
426,15,2ABP73,4,4,5,1,null
359,16,UJ5X9K,3,3,8,1,null
292,6,IG77XV,6,4,10,2,null
5,6,HDACC3,4,10,2,34,null
310,15,7UQ5K1,9,8,8,5,null
385,7,JE3MJI,7,7,7,2,null
191,5,AIKTS3,7,5,7,2,null
87,7,I0OUPG,6,6,2,1,null
224,4,9TESX6,3,4,9,1,null
577,2,XAHCQB,8,6,5,3,null
168,1,3NQ11Y,4,5,3,1,null
381,8,BDKO6X,9,11,4,2,null
518,6,8HSMEV,2,14,3,1,null
69,2,JL9VJ1,9,4,9,3,null
152,7,3DW9QZ,5,12,2,1,null
424,13,KFBBTF,6,14,4,36,null
219,1,GCIEQ7,4,8,5,1,null
243,2,1FETF1,7,7,8,4,null
460,1,75IJWL,8,13,3,3,null
301,11,MYB3B6,4,3,7,9,null
46,14,ZEDXQY,4,2,3,1,null
345,14,79B7VG,2,9,9,1,null
61,2,ZN5585,6,8,9,3,null
332,15,1AYQBD,9,13,5,3,null
240,16,Q156P0,10,12,3,19,null
381,16,58WFGX,5,8,6,2,null
347,7,R6VHPT,9,7,8,3,null
18,2,PZGMN2,5,12,4,2,null
257,12,FY3Y4F,5,8,4,1,null
39,4,PV9K0J,5,13,7,3,null
388,10,549I3B,3,10,10,2,null
428,5,ZYY2UD,8,13,7,8,null
505,6,J45Y2V,9,5,2,1,null
547,11,VG1M53,3,4,9,1,null
14,10,I4JZ29,4,8,4,2,null
374,16,W2W9P3,5,15,2,21,null
151,6,FLEQ7D,4,15,8,15,null
496,9,YMSYZJ,7,12,8,19,null
61,2,I35WKD,10,13,9,7,null
500,3,CSIQ24,9,4,3,34,null
19,7,79Q99O,9,10,9,37,null
355,15,F47IS8,3,14,9,3,null
335,16,IREEWI,8,4,3,1,null
609,12,4UYRPF,3,3,6,1,null
275,1,GB2F0M,10,15,7,6,null
100,3,763MT3,7,14,6,4,null
424,11,G82TF9,10,4,4,2,null
194,7,BKRQRP,7,11,3,2,null
127,1,R4NY8Z,7,5,3,1,null
529,9,2DQR3I,3,12,5,10,null
548,1,YRCMU5,3,2,4,17,null
431,15,XU2EAS,9,13,2,4,null
166,16,FFS5TH,10,6,6,2,null
535,13,TAD72D,2,4,8,22,null
317,13,ZWML61,4,12,2,32,null
497,5,OBJ9VP,8,9,10,28,null
97,3,VNISEV,10,3,9,40,null
465,10,CK72IZ,8,5,2,1,null
373,9,DDTCWT,5,10,5,3,null
220,8,TYZGFA,7,2,8,6,null
466,3,QP6LAS,10,13,2,3,null
45,4,VM36HG,4,10,3,25,null
73,4,0ONOLY,4,13,4,3,null
119,1,2L95MP,8,7,2,1,null
13,2,COM0E4,7,14,6,14,null
203,1,JL1F5G,2,4,7,1,null
416,6,2MK2I8,3,7,9,1,null
465,12,CX1ITB,3,2,2,1,null
606,2,0VHO1N,7,4,10,8,null
44,11,VSFDN8,9,2,10,2,null
583,9,GV3HNE,10,15,10,14,null
173,16,RYJ72O,7,14,7,7,null
446,4,5MLJJG,4,5,4,1,null
640,5,NEFATM,10,6,10,31,null
85,9,YAVQZJ,10,10,9,7,null
593,12,XANN7P,9,3,5,1,null
371,9,9AWX46,8,2,9,30,null
457,15,1BE9O2,6,14,6,5,null
111,14,61BHDR,8,14,2,2,null
416,6,R1A6TX,8,15,6,37,null
587,14,GDBHK1,9,10,3,2,null
201,1,7ATVGH,5,13,9,6,null
486,15,XDTUX3,3,15,7,40,null
182,4,32KYAW,3,13,5,2,null
86,16,OVCK3T,3,10,5,2,null
132,11,ZE4UCO,4,13,7,3,null
252,6,3DX67N,7,9,10,12,null
315,3,HGVP0M,6,14,3,34,null
285,8,MM3F5C,8,14,10,11,null
192,3,GQ8MF7,2,4,4,20,null
259,5,4KQ0YJ,5,2,7,22,null
39,5,IWYXOI,9,7,6,12,null
464,9,OTQ1DM,8,13,4,3,null
484,16,3AHE09,8,12,4,38,null
497,16,RPF4RA,4,6,6,1,null
439,12,ZCRVGF,9,8,7,4,null
617,7,VA4MT1,6,9,6,19,null
615,2,WD21QV,10,7,10,6,null
142,7,2L53U8,4,12,10,4,null
169,5,VHLK3C,8,15,3,3,null
324,6,MWUJFV,6,13,6,5,null
153,6,J14NBR,3,14,4,4,null
210,5,CCIGW7,8,12,10,33,null
457,12,ILUWHB,4,2,9,1,null
481,6,4R6KT0,5,6,7,2,null
410,8,FILF06,9,4,9,3,null
627,5,YPJWF8,5,7,9,3,null
122,16,AWQHAH,6,14,5,2,null
406,4,T0EC37,10,5,10,39,null
336,15,PTXEB7,4,8,2,1,null
479,10,5PM7FI,2,4,9,1,null
535,3,6U9HXU,7,4,10,9,null
548,5,2S6GI1,7,5,6,20,null
88,7,BERY4Q,5,15,10,4,null
490,1,ZV6PZ1,8,15,8,18,null
219,5,KWS7GK,5,12,9,4,null
345,15,2XOWF5,5,6,5,1,null
325,7,TYJZDB,7,10,5,18,null
627,15,J1KFKR,7,12,3,2,null
52,5,IV0E7W,6,11,3,6,null
40,8,5ARLOP,4,3,8,1,null
618,7,F6A23X,6,11,3,2,null
222,3,TZ40T0,8,5,10,2,null
325,15,40LXB5,4,9,8,7,null
32,14,7F067B,8,6,4,6,null
188,1,59YC40,3,5,3,1,null
437,1,1GA5R0,2,3,4,1,null
429,5,I6X2OR,4,3,4,1,null
134,2,5B4E6E,3,12,7,2,null
374,8,GUNLDK,8,9,3,40,null
65,10,9UBOR0,4,11,5,2,null
589,4,FTTLF6,10,2,2,1,null
102,11,VA2GBS,10,7,3,1,null
45,5,7J4LVT,8,11,9,14,null
470,9,8AHFT6,9,2,8,13,null
580,8,U3HVZ3,3,7,8,2,null
85,12,N7A5R1,8,3,5,1,null
552,14,A5GJJE,7,13,8,13,null
387,9,2GFP0Y,3,9,10,27,null
67,5,94MQA3,10,15,2,3,null
225,12,6KYNKG,2,14,4,1,null
100,7,AHC8YN,8,5,2,11,null
324,10,LER264,5,14,7,4,null
85,12,0NRM2D,4,11,7,2,null
168,14,9U1YX1,3,6,4,1,null
197,2,I29IRT,7,6,3,2,null
475,13,ARR2E8,2,10,2,30,null
548,16,QI5XHS,5,10,7,3,null
108,12,O1TZ92,4,10,6,2,null
83,16,08VODR,3,4,4,1,null
467,12,3PUIWD,9,13,10,12,null
504,11,H64PYH,4,9,6,7,null
328,10,IRNO4V,9,8,5,5,null
479,4,DRC3W7,5,12,4,35,null
161,3,FV1KP7,6,11,3,24,null
265,8,XV0RNH,2,4,7,36,null
251,6,K15IL8,9,6,6,13,null
455,1,4CCXKT,7,2,7,1,null
444,2,UAPBO3,8,9,5,2,null
619,11,B1FU9P,9,3,4,1,null
360,2,DWUXZU,3,12,7,4,null
565,14,QVKJZ3,6,4,7,2,null
62,12,PQC90R,3,4,6,1,null
243,15,ZNNRRW,3,6,2,1,null
430,4,DL5Y4E,4,2,9,38,null
636,6,BSQ3I1,9,6,7,24,null
169,6,CX1WUE,8,9,9,4,null
85,16,KCW0T0,7,13,10,19,null
145,12,ICI6S8,6,3,10,6,null
244,3,8CRUPW,4,13,10,21,null
557,9,3S8ZAY,6,14,6,2,null
362,7,YC3ML9,2,8,6,1,null
479,16,MM9V20,8,14,8,4,null
489,3,FLRUC7,8,14,5,31,null
353,4,317KIO,7,11,5,2,null
622,2,RPNWOY,6,8,10,2,null
576,8,37GQBO,7,9,4,2,null
541,15,8WKXO2,4,3,3,1,null
587,8,MQZXS7,9,13,4,2,null
118,4,YK6PXX,5,8,3,1,null
41,10,LF6PQ0,4,3,2,40,null
447,8,AKESPM,8,2,10,1,null
604,3,YQKVE2,8,9,6,3,null
218,10,OQNBTT,2,8,4,1,null
608,16,5778GL,3,6,5,31,null
439,2,W8FEJM,3,8,9,1,null
585,1,A76UI6,2,10,4,24,null
588,7,S35FIR,9,8,2,1,null
592,11,SUBZ3B,10,13,5,7,null
645,11,JJHICJ,6,15,9,21,null
286,10,1B7ECF,3,14,7,8,null
466,16,F20WD8,8,8,10,3,null
102,1,T6TX8T,3,11,6,8,null
515,2,DRPLME,4,15,2,29,null
589,1,LRK7PF,3,4,5,1,null
525,9,GWX592,8,10,8,3,null
568,10,UGUJ2F,8,13,8,22,null
283,5,H1JPFD,4,11,2,1,null
666,9,5FL5YD,5,14,4,33,null
423,12,QA3HO3,8,3,8,31,null
611,9,P1LHYP,5,13,10,4,null
308,2,BJ1NXE,5,7,10,29,null
634,9,ZDZODE,3,10,3,20,null
343,7,W2EZWR,3,6,3,4,null
360,9,18MMHE,5,13,10,13,null
235,10,Y6NKXK,8,7,8,5,null
203,12,MI2JNP,3,7,3,5,null
481,2,M51JMY,10,15,7,33,null
500,4,2BAL3I,9,2,7,30,null
164,11,G5YQX9,3,14,6,9,null
376,15,59OZ20,10,7,8,33,null
549,3,FSABWH,8,12,6,6,null
114,5,BOA082,2,9,8,2,null
640,2,ZWL0UJ,7,6,10,4,null
448,2,4CYC3J,7,8,7,3,null
521,8,UL5IO1,10,3,2,1,null
295,7,YLTRSC,3,11,2,1,null
515,5,DKTH6E,3,8,4,1,null
186,13,INUZJL,2,2,5,1,null
306,12,IAOEKP,7,6,3,40,null
52,10,SBX2P0,6,2,7,1,null
545,11,ARVLGD,3,14,3,1,null
497,14,LIBVBR,9,14,3,30,null
389,6,JWTISQ,9,11,6,3,null
228,9,CD8EEO,9,5,8,3,null
51,3,PJ9XK2,2,9,2,1,null
392,9,Z655MP,10,6,2,2,null
93,2,TBQ8CX,3,11,9,39,null
70,15,SYRMBJ,9,12,7,40,null
389,14,RNI6W4,3,9,9,3,null
189,15,LVXHQ0,4,7,7,35,null
486,6,J7U27Q,4,2,5,1,null
466,3,HIPJ6Q,7,9,2,1,null
177,1,60IZD2,7,12,2,2,null
184,16,G4GFWE,9,9,8,6,null
420,10,PGTKIU,9,13,3,2,null
138,6,P7JYHA,8,7,5,3,null
391,4,NSVLYM,10,9,2,2,null
309,4,CFOR8D,3,9,4,1,null
527,11,IDGC4G,8,9,4,21,null
321,15,E3WAG0,2,14,6,7,null
521,3,OJR4U5,9,15,2,24,null
67,4,127ED2,8,3,2,15,null
580,14,HDYBO1,8,7,7,4,null
23,11,U8HS23,7,3,4,1,null
112,7,CDC3EU,7,10,6,2,null
589,16,UP89ZC,7,15,7,38,null
65,15,MPM8YC,9,8,5,39,null
84,2,8473IZ,10,15,3,3,null
140,11,L27VPT,7,15,5,5,null
305,13,01VG8Q,2,6,2,38,null
322,3,K6OD8R,7,9,6,15,null
589,8,P3MS4Y,7,3,5,11,null
180,6,ER0QDA,2,11,9,1,null
134,2,9QDMUZ,4,10,3,16,null
149,11,UXJ79R,9,5,5,1,null
28,15,NLYAWL,4,8,8,37,null
595,1,JTJHSW,8,9,8,7,null
117,14,WZKBBT,5,9,3,1,null
622,13,C03PRY,9,5,4,2,null
398,14,7FAR8F,8,15,4,5,null
519,10,L63QLI,5,7,2,1,null
190,12,0B5U6K,10,11,9,14,null
341,7,N66B2Z,4,13,8,3,null
248,3,TTHDF1,3,15,5,1,null
346,13,MPAT58,2,13,5,1,null
146,10,R09COC,10,6,6,2,null
145,14,EQGJJN,10,2,6,1,null
524,1,PM3RXM,4,5,2,1,null
252,16,U3ZK4U,2,13,4,1,null
421,5,WRDC1V,5,8,4,3,null
493,10,ZDK3ZD,2,14,10,37,null
640,9,IUU2HI,2,12,9,23,null
414,3,TBRIM2,10,12,4,3,null
71,3,ETFTRW,4,6,4,5,null
350,16,NUN36H,9,11,7,22,null
345,14,7ONZC9,6,2,8,10,null
444,15,EDSCV9,9,14,6,8,null
98,8,G1H408,8,12,4,36,null
26,3,BBC77K,5,5,7,22,null
368,12,XWDX7L,8,3,10,3,null
158,7,3NC9P8,8,10,8,16,null
431,16,IGH23P,5,3,5,1,null
176,2,KVF90X,6,2,6,1,null
280,12,AC927M,5,2,4,1,null
354,16,QRPX3H,2,7,9,1,null
528,3,ZS5GED,3,3,2,1,null
572,15,W74B1E,6,13,6,5,null
622,3,3707PM,6,10,8,5,null
228,12,PFV16J,3,14,5,9,null
477,1,EBOGZ8,10,4,4,1,null
140,15,OS3B7B,6,9,5,2,null
628,14,2I4VUG,6,2,8,13,null
631,9,N1UOF8,3,13,7,11,null
46,2,5CHSPC,8,4,8,22,null
526,12,X2BKAN,9,7,5,2,null
197,1,ER7XGN,10,3,2,26,null
320,12,YPC8ZJ,9,5,10,4,null
349,1,7HNEPA,10,9,8,30,null
71,16,Q0A65K,10,12,9,25,null
471,6,J7ERQJ,5,3,10,2,null
390,16,TUMMCQ,5,3,5,6,null
441,11,B344MK,10,11,8,6,null
167,8,F2P4U7,10,11,8,8,null
260,12,8AEHY9,2,12,8,2,null
498,9,1JWT3M,9,11,6,2,null
245,1,A3298A,7,7,6,37,null
61,6,J0W8UU,5,5,6,1,null
473,8,3BU2KB,4,15,5,2,null
567,14,ZF92QM,3,10,3,1,null
172,11,XTU1HU,10,12,2,2,null
614,10,2IIU03,4,6,10,2,null
289,7,MUUAEA,7,15,4,2,null
391,9,55E1CZ,10,10,10,9,null
590,16,PD07GX,4,13,10,6,null
371,6,KW8N3X,4,2,5,30,null
562,9,PD3AWY,9,15,2,2,null
494,15,Z2CB76,6,11,3,2,null
458,11,S1SYWF,2,10,8,1,null
78,13,58PY0Z,6,10,7,4,null
163,5,7XYQEK,3,9,7,2,null
191,13,GXOEAA,2,4,7,1,null
578,10,8UIJS3,6,3,3,1,null
338,12,5US852,10,6,4,3,null
284,12,54R84Q,4,11,3,18,null
442,11,U2R4CB,7,7,5,7,null
351,5,RIS5BK,2,15,6,7,null
454,12,U5GF3B,3,15,5,21,null
569,12,YZE4QI,8,10,4,2,null
232,7,SSY9ZL,2,6,9,1,null
614,3,VTL06C,4,13,6,3,null
8,4,RYJWM1,3,14,3,14,null
189,9,QTAUNM,10,6,6,8,null
662,15,7EBG7P,5,4,10,2,null
574,6,JJWW87,4,8,10,34,null
581,10,TSJBU0,9,7,3,2,null
483,3,C7A599,6,6,9,11,null
233,11,UFQ29U,9,6,3,2,null
328,5,4WZSLS,3,15,8,4,null
371,13,QTGEPE,10,7,4,3,null
578,11,5UHGNJ,8,9,2,2,null
537,3,AYKBLQ,4,7,2,1,null
593,6,GHTQCF,4,4,10,23,null
17,10,Y469ON,2,12,4,1,null
122,6,KCR4V2,9,13,8,4,null
249,15,USZVOK,8,15,4,18,null
614,15,YTGJ2B,2,7,5,1,null
155,4,6Q80U5,5,8,2,1,null
165,1,RWL8BF,9,5,5,7,null
326,9,H2N4R1,5,10,5,1,null
664,5,1WO0DP,8,7,8,2,null
574,10,WH3RZH,6,11,10,4,null
313,3,DVEFKZ,2,4,2,1,null
130,1,7AZ1XZ,4,3,2,1,null
511,1,U2TNAA,9,12,2,2,null
281,10,7QBWHG,2,8,2,14,null
216,3,GVTVO3,7,2,3,1,null
580,1,YCIIHX,8,11,2,2,null
284,14,NCE3IF,5,3,10,9,null
555,1,EHZH3G,10,2,4,1,null
51,2,MVDVO5,5,14,9,4,null
349,9,YPMK98,9,12,10,25,null
326,3,ZP9T0P,5,11,9,4,null
561,9,46YECH,10,11,9,4,null
538,16,XP347P,2,8,9,1,null
232,6,VR61OU,7,4,4,1,null
173,8,44WSTG,9,12,4,3,null
457,6,ABFWG4,3,10,10,2,null
553,2,PYEV23,9,5,9,3,null
550,6,58CVZL,6,7,6,9,null
113,6,SQ4F8E,7,14,3,8,null
602,8,565SBK,2,4,2,36,null
312,14,7E5FGV,9,8,3,1,null
493,3,OBTJUF,5,5,8,1,null
573,8,KM347T,5,13,9,4,null
626,6,PDW0Q4,9,10,3,25,null
633,1,0JVDR7,2,2,7,26,null
457,11,BZ68XB,9,3,8,18,null
516,3,FP4237,6,6,5,2,null
89,10,CXOXMB,7,9,5,2,null
218,13,90PRPL,4,2,8,1,null
475,9,AGPKXR,6,7,9,4,null
464,4,K08J2F,7,9,9,32,null
602,15,4Q6X1D,6,11,2,1,null
480,8,S18VH5,8,14,3,2,null
195,10,46WLKL,4,8,9,27,null
346,3,BC9X2B,6,8,5,32,null
258,5,TBMV4Q,2,9,9,2,null
421,5,LWWJOL,10,13,6,4,null
586,1,78V27I,2,3,2,31,null
143,6,21D81Z,3,9,3,25,null
329,3,SPKJOT,6,12,9,7,null
383,13,KYUNW1,6,10,7,16,null
294,13,15P0CG,9,14,7,34,null
489,16,ZB7KGA,9,12,7,7,null
128,7,1GOPFU,6,13,2,30,null
622,3,60630U,2,7,3,1,null
367,9,QJ5AKA,5,3,6,1,null
415,15,CZJS91,5,4,7,1,null
91,13,MBYH0K,3,15,4,1,null
454,10,YU4KVZ,6,9,5,2,null
641,3,CZSNP4,4,5,6,17,null
57,9,7296XW,4,14,2,1,null
334,16,RMU6LM,7,10,7,3,null
648,4,BFT1MC,2,12,6,2,null
166,13,ZNX5EH,2,5,9,1,null
394,3,NT8UKV,8,11,2,2,null
196,7,61LLNX,10,5,3,2,null
654,9,T7DEC2,10,8,5,3,null
375,11,DHOFF0,9,2,8,1,null
262,5,OIMJXG,8,7,3,1,null
70,2,QEZ6OG,5,11,10,22,null
135,14,KFO5M9,10,14,5,24,null
614,12,70LBD1,9,4,3,1,null
458,1,S5132R,9,4,7,3,null
477,6,V8EQXJ,2,7,2,1,null
385,1,47ZWSI,9,7,8,3,null
40,9,XUSTVD,8,14,7,6,null
26,12,JNZN6Z,9,7,10,3,null
353,7,NQIN21,9,9,4,2,null
226,11,WC6657,10,14,4,3,null
71,2,7OVXRH,5,6,8,28,null
618,13,9VRAD5,3,2,2,15,null
604,4,7RYU6I,7,11,7,20,null
651,11,34XXCA,3,5,4,1,null
323,10,QMCZW3,5,5,2,1,null
656,13,QKSZLN,9,8,8,3,null
603,13,7A6D8N,8,7,7,34,null
494,13,NT83WX,7,8,6,39,null
108,13,Q6XS15,4,9,6,30,null
132,13,CMPPII,3,14,10,3,null
548,13,1ZRNZA,8,12,4,3,null
63,3,CHXFPJ,7,9,2,22,null
93,16,ZY7AYO,4,6,9,6,null
436,12,HVFDLD,9,11,5,4,null
55,7,OMJYPL,2,10,6,3,null
203,14,3XRG7H,8,12,9,6,null
413,10,OSTJ7P,2,9,3,1,null
111,15,4UBK58,8,14,3,4,null
332,9,F1VIZR,3,3,4,1,null
335,2,DOK0GN,5,5,3,1,null
398,6,AZXOVZ,8,2,4,1,null
336,5,EJWD1K,8,7,4,8,null
264,10,DE9652,7,8,4,2,null
555,11,JNNYMD,2,2,2,22,null
328,15,8BMB9G,8,8,6,4,null
203,6,DACM5Y,10,6,6,32,null
649,10,NNJWFG,4,5,4,1,null
364,16,15UM4P,8,2,5,1,null
252,6,FQOB09,3,13,3,1,null
43,14,4TZEQZ,6,11,10,3,null
282,13,US13M3,3,9,6,22,null
273,7,1UVJ14,4,3,9,8,null
416,6,HBI76D,9,2,2,1,null
360,8,AJQGOB,3,14,7,2,null
90,16,F7URIS,9,8,4,10,null
547,14,J93H5G,9,8,6,4,null
546,12,U2Q6LH,6,13,2,2,null
515,11,W7LMWA,10,7,5,3,null
303,6,8IHIBG,7,2,2,1,null
22,3,SS2N30,2,10,2,1,null
187,5,47JMWH,7,6,10,3,null
272,14,6AS114,6,10,7,2,null
194,4,E8FP3X,6,6,5,2,null
333,7,SL5HSD,8,9,6,4,null
350,8,ZEGIKX,9,9,3,8,null
275,1,8KDY6G,9,9,10,6,null
92,15,GZTZJR,6,5,6,1,null
658,8,QPVUCZ,3,12,2,1,null
577,16,8DIUYT,8,9,5,3,null
290,11,JJ9ODL,9,9,8,33,null
351,7,IYCDLJ,2,9,3,1,null
178,5,RGT8F4,8,8,8,19,null
621,9,U33PV4,5,4,8,38,null
401,1,Z328IE,9,5,5,2,null
506,14,PTVRJ4,9,4,4,15,null
148,5,GO75M7,10,12,9,11,null
408,14,GEGEKS,3,3,6,1,null
300,7,WEH38N,2,11,2,1,null
351,14,PO0KDN,7,13,4,2,null
185,9,8W36LV,2,3,8,8,null
568,10,XOCVWH,9,11,9,8,null
646,12,BAV01D,3,2,9,9,null
493,11,OJJEYB,3,10,6,40,null
416,8,7HSERA,5,4,8,2,null
84,15,71ASOT,4,7,3,1,null
399,9,A22BZ8,7,4,9,2,null
112,6,6O0P92,2,10,5,23,null
172,3,4B3DV1,9,5,8,15,null
394,14,FWOY6D,7,10,8,3,null
480,13,EG9R0I,9,11,9,8,null
52,4,2H6O90,8,15,2,10,null
265,13,LD2R2J,5,2,10,10,null
567,5,S8764Z,7,14,8,3,null
332,8,WPS9LY,10,4,10,30,null
11,16,AFBXCG,4,12,2,1,null
616,16,9FGUSH,5,4,5,1,null